"id","member_id","loan_amnt","funded_amnt","funded_amnt_inv","term","int_rate","installment","grade","sub_grade","emp_title","emp_length","home_ownership","annual_inc","verification_status","issue_d","loan_status","pymnt_plan","url","desc","purpose","title","zip_code","addr_state","dti","delinq_2yrs","earliest_cr_line","fico_range_low","fico_range_high","inq_last_6mths","mths_since_last_delinq","mths_since_last_record","open_acc","pub_rec","revol_bal","revol_util","total_acc","initial_list_status","out_prncp","out_prncp_inv","total_pymnt","total_pymnt_inv","total_rec_prncp","total_rec_int","total_rec_late_fee","recoveries","collection_recovery_fee","last_pymnt_d","last_pymnt_amnt","next_pymnt_d","last_credit_pull_d","last_fico_range_high","last_fico_range_low","collections_12_mths_ex_med","mths_since_last_major_derog","policy_code","application_type","annual_inc_joint","dti_joint","verification_status_joint","acc_now_delinq","tot_coll_amt","tot_cur_bal","open_acc_6m","open_il_6m","open_il_12m","open_il_24m","mths_since_rcnt_il","total_bal_il","il_util","open_rv_12m","open_rv_24m","max_bal_bc","all_util","total_rev_hi_lim","inq_fi","total_cu_tl","inq_last_12m","acc_open_past_24mths","avg_cur_bal","bc_open_to_buy","bc_util","chargeoff_within_12_mths","delinq_amnt","mo_sin_old_il_acct","mo_sin_old_rev_tl_op","mo_sin_rcnt_rev_tl_op","mo_sin_rcnt_tl","mort_acc","mths_since_recent_bc","mths_since_recent_bc_dlq","mths_since_recent_inq","mths_since_recent_revol_delinq","num_accts_ever_120_pd","num_actv_bc_tl","num_actv_rev_tl","num_bc_sats","num_bc_tl","num_il_tl","num_op_rev_tl","num_rev_accts","num_rev_tl_bal_gt_0","num_sats","num_tl_120dpd_2m","num_tl_30dpd","num_tl_90g_dpd_24m","num_tl_op_past_12m","pct_tl_nvr_dlq","percent_bc_gt_75","pub_rec_bankruptcies","tax_liens","tot_hi_cred_lim","total_bal_ex_mort","total_bc_limit","total_il_high_credit_limit"
"68444620","73334399","35000","35000","35000"," 60 months"," 11.99%","778.38","C","C1","Foreign Service Officer","10+ years","MORTGAGE","128000","Source Verified","Dec-2015","Current","n","https://lendingclub.com/browse/loanDetail.action?loan_id=68444620","","home_improvement","Home improvement","200xx","DC","6.46","0","Feb-1990","685","689","0","46","","17","0","14277","27.4%","46","w","30041.83","30041.83","8503.9","8503.90","4958.17","3545.73","0.0","0.0","0.0","Dec-2016","778.38","Jan-2017","Dec-2016","669","665","0","56","1","INDIVIDUAL","","","","0","321","146867","1","11","0","0","28","35367","49","0","1","5020","40","52200","1","4","0","3","8639","17248","35.6","0","0","206","310","19","3","5","99","46","15","46","1","3","4","3","6","26","5","11","4","17","0","0","0","1","91.3","33.3","0","0","220950","49644","26800","71700"
"68426545","73316365","16000","16000","16000"," 60 months"," 12.88%","363.07","C","C2","Senior Structural Designer","1 year","MORTGAGE","70000","Not Verified","Dec-2015","Current","n","https://lendingclub.com/browse/loanDetail.action?loan_id=68426545","","debt_consolidation","Debt consolidation","786xx","TX","26.4","0","Feb-1988","720","724","0","","","13","0","28705","56.3%","29","w","13778.63","13778.63","3965.15","3965.15","2221.37","1743.78","0.0","0.0","0.0","Dec-2016","363.07","Jan-2017","Dec-2016","734","730","0","","1","INDIVIDUAL","","","","0","0","265836","0","2","0","2","13","33702","74","1","1","8739","64","51000","0","0","1","3","24167","17922","61","0","0","147","334","9","9","2","9","","11","","0","4","6","5","12","6","10","21","6","13","0","0","0","1","100","60","0","0","309638","62407","45900","45838"
"68466926","73356763","10000","10000","10000"," 36 months","  6.49%","306.45","A","A2","SERVICE MANAGER","6 years","RENT","85000","Not Verified","Dec-2015","Current","n","https://lendingclub.com/browse/loanDetail.action?loan_id=68466926","","credit_card","Credit card refinancing","160xx","PA","13.07","0","Apr-2002","685","689","1","","106","14","1","10464","34.5%","23","w","7147.67","7147.67","3361.94","3361.94","2852.33","509.61","0.0","0.0","0.0","Dec-2016","306.45","Jan-2017","Dec-2016","724","720","0","","1","INDIVIDUAL","","","","0","8341","27957","2","1","0","0","35","17493","57","2","7","2524","46","30300","2","0","1","7","1997","8182","50.1","0","0","164","129","1","1","1","4","","1","","0","6","9","7","10","3","13","19","9","14","0","0","0","2","95.7","28.6","1","0","61099","27957","16400","30799"
"68356614","73246437","7200","7200","7200"," 36 months"," 11.48%","237.36","B","B5","Legal Administrative Assistant","10+ years","MORTGAGE","72500","Verified","Dec-2015","Current","n","https://lendingclub.com/browse/loanDetail.action?loan_id=68356614","","home_improvement","Home improvement","300xx","GA","8.47","0","Aug-2004","725","729","1","","","5","0","5449","35.2%","7","w","5255.48","5255.48","2599.48","2599.48","1944.52","654.96","0.0","0.0","0.0","Dec-2016","237.36","Jan-2017","Dec-2016","664","660","0","","1","INDIVIDUAL","","","","0","0","147791","2","1","0","1","23","14807","66","3","3","2445","53","15500","1","0","2","4","29558","10051","35.2","0","0","111","7","2","2","2","2","","0","","0","3","3","3","3","2","3","3","3","5","0","0","0","3","100","0","0","0","189950","20256","15500","22450"
"68387134","73276991","2500","2500","2500"," 36 months"," 17.27%","89.47","D","D3","Teacher","10+ years","MORTGAGE","50000","Verified","Dec-2015","Current","n","https://lendingclub.com/browse/loanDetail.action?loan_id=68387134","","other","Other","330xx","FL","17.6","3","Jan-2001","670","674","4","6","","7","0","732","31.1%","22","w","1867.38","1867.38","978.17","978.17","632.62","345.55","0.0","0.0","0.0","Dec-2016","89.47","Jan-2017","Dec-2016","654","650","0","18","1","INDIVIDUAL","","","","0","0","197169","3","3","2","4","2","196437","95","1","2","48","87","2500","6","3","5","6","28167","652","6.9","0","0","149","179","3","2","0","3","","0","6","3","1","4","1","1","14","4","8","4","7","0","0","1","3","68.4","0","0","0","196429","197169","700","193929"
"68446771","73336594","7200","7200","7200"," 36 months"," 15.77%","252.32","D","D1","Bank Officer Senior Customer Care Spec.","< 1 year","RENT","55000","Not Verified","Dec-2015","Current","n","https://lendingclub.com/browse/loanDetail.action?loan_id=68446771","","debt_consolidation","","142xx","NY","17.35","0","Jun-2005","680","684","0","59","74","24","1","5938","69%","43","w","5346.70","5346.70","2759.75","2759.75","1853.30","906.45","0.0","0.0","0.0","Dec-2016","252.32","Jan-2017","Dec-2016","719","715","0","","1","INDIVIDUAL","","","","0","0","275831","1","18","3","9","5","269893","110","0","3","3234","108","8600","4","0","9","12","11493","1521","77.3","0","0","111","126","15","5","0","15","","5","","0","2","3","4","5","35","6","8","3","24","0","0","0","3","97.7","50","0","1","255047","275831","6700","246447"
"68615044","73517819","16000","16000","16000"," 60 months"," 13.99%","372.21","C","C4","Registered Nurse","9 years","MORTGAGE","142000","Verified","Dec-2015","Current","n","https://lendingclub.com/browse/loanDetail.action?loan_id=68615044","","debt_consolidation","Debt consolidation","945xx","CA","17.74","2","Oct-2004","680","684","2","8","39","15","2","2273","39.9%","19","w","13834.24","13834.24","4063.22","4063.22","2165.76","1897.46","0.0","0.0","0.0","Dec-2016","372.21","Jan-2017","Dec-2016","664","660","0","43","1","INDIVIDUAL","","","","0","0","667373","0","7","0","6","17","109893","69","0","1","1959","66","5700","5","0","3","7","47670","2827","44.6","0","0","134","98","23","17","1","23","29","4","13","1","2","2","4","5","10","7","8","2","15","0","0","0","0","73.7","25","0","2","704224","112166","5100","124120"
"68426699","73316523","20000","20000","20000"," 36 months","  6.49%","612.89","A","A2","TEAM LEAD, QUALITY ENGINEER","6 years","MORTGAGE","55000","Not Verified","Dec-2015","Current","n","https://lendingclub.com/browse/loanDetail.action?loan_id=68426699","","debt_consolidation","Debt consolidation","381xx","TN","29.15","0","Sep-1994","750","754","0","74","","9","0","4851","23.8%","23","w","14295.45","14295.45","6723.76","6723.76","5704.55","1019.21","0.0","0.0","0.0","Dec-2016","612.89","Jan-2017","Dec-2016","749","745","0","","1","INDIVIDUAL","","","","0","0","205155","1","3","1","4","3","36812","79","1","1","2776","62","20400","1","0","3","5","25644","9924","21.9","0","0","87","255","8","3","1","8","","3","","0","1","3","2","9","8","5","14","3","9","0","0","0","2","95.7","0","0","0","247433","41663","12700","46367"
"68341789","73544827","24250","24250","24250"," 60 months"," 24.24%","701.01","F","F3","hvac technician","4 years","MORTGAGE","75000","Not Verified","Dec-2015","Charged Off","n","https://lendingclub.com/browse/loanDetail.action?loan_id=68341789","","debt_consolidation","","114xx","NY","20.84","0","Apr-2007","660","664","0","","","18","0","24799","65.3%","21","w","0.00","0.00","4124.42","4124.42","1332.69","2791.73","0.0","0.0","0.0","Jul-2016","701.01","","Dec-2016","499","0","0","","1","INDIVIDUAL","","","","0","0","320098","2","1","0","1","14","13676","75","2","10","3138","61","38000","1","1","3","13","17783","9044","68.9","0","0","93","104","2","2","2","2","","7","","0","10","12","11","12","2","15","16","12","18","0","0","0","3","100","63.6","0","0","344960","38475","29100","18300"
"68506789","73396614","12000","12000","12000"," 60 months","  9.80%","253.79","B","B3","Teacher","10+ years","MORTGAGE","65000","Not Verified","Dec-2015","Current","n","https://lendingclub.com/browse/loanDetail.action?loan_id=68506789","","debt_consolidation","Debt consolidation","660xx","KS","23.84","0","Nov-2003","785","789","0","","","18","0","9786","13.4%","37","w","10214.59","10214.59","2775.36","2775.36","1785.41","989.95","0.0","0.0","0.0","Dec-2016","253.79","Jan-2017","Dec-2016","829","825","0","","1","INDIVIDUAL","","","","0","0","181540","2","6","2","3","1","65001","61","1","5","7909","42","73200","0","0","0","8","10086","41055","17.1","0","0","127","145","4","1","2","4","","14","","0","2","4","5","10","13","11","22","4","18","0","0","0","3","100","0","0","0","291626","74787","49500","105910"
"68356922","73246751","4200","4200","4200"," 36 months"," 13.99%","143.53","C","C4","Patrol Officer","2 years","RENT","32000","Source Verified","Dec-2015","Current","n","https://lendingclub.com/browse/loanDetail.action?loan_id=68356922","","other","Other","377xx","TN","31.02","0","Nov-2009","705","709","2","50","","10","0","1294","11.7%","16","w","3096.98","3096.98","1570.67","1570.67","1103.02","467.65","0.0","0.0","0.0","Dec-2016","143.53","Jan-2017","Dec-2016","669","665","0","60","1","INDIVIDUAL","","","","0","0","38865","2","6","2","5","1","37571","89","1","2","173","73","11100","3","3","3","7","3887","5422","3.2","0","0","73","72","6","1","0","6","","0","","1","2","4","2","2","8","4","7","4","10","0","0","0","3","87.5","0","0","0","53161","38865","5600","42061"
"66615254","71341090","7200","7200","7200"," 36 months"," 17.27%","257.67","D","D3","Department Manager ","9 years","OWN","20000","Verified","Dec-2015","Current","n","https://lendingclub.com/browse/loanDetail.action?loan_id=66615254","","debt_consolidation","Debt consolidation","023xx","MA","13.21","1","Apr-2003","705","709","1","23","","8","0","7302","32.6%","17","w","5197.83","5197.83","3043.61","3043.61","2002.17","1041.44","0.0","0.0","0.0","Dec-2016","257.67","Jan-2017","Dec-2016","599","595","0","","1","INDIVIDUAL","","","","0","0","7302","2","0","1","1","12","0","","3","4","5509","33","22400","2","0","3","5","913","9831","41.8","0","0","128","152","5","5","0","5","23","0","23","0","3","4","5","10","2","8","15","4","8","0","0","0","4","94.1","0","0","0","22400","7302","16900","0"
"68616873","73519699","8000","8000","8000"," 36 months"," 11.48%","263.74","B","B5","Vendor liaison","10+ years","MORTGAGE","42000","Not Verified","Dec-2015","Current","n","https://lendingclub.com/browse/loanDetail.action?loan_id=68616873","","credit_card","Credit card refinancing","029xx","RI","34.8","0","Nov-1994","700","704","0","75","","8","0","7034","39.1%","18","w","5569.93","5569.93","3152.12","3152.12","2430.07","722.05","0.0","0.0","0.0","Dec-2016","263.74","Jan-2017","Dec-2016","734","730","0","75","1","INDIVIDUAL","","","","0","0","199696","0","2","2","3","10","106748","72","0","2","4725","49","18000","0","0","1","5","28528","9966","41.4","0","0","155","253","15","10","1","50","","10","","1","3","3","3","6","5","5","11","3","8","0","0","0","2","94.4","33.3","0","0","256513","113782","17000","135513"
"68407277","73297111","3600","3600","3600"," 36 months"," 13.99%","123.03","C","C4","leadman","10+ years","MORTGAGE","55000","Not Verified","Dec-2015","Current","n","https://lendingclub.com/browse/loanDetail.action?loan_id=68407277","","debt_consolidation","Debt consolidation","190xx","PA","5.91","0","Aug-2003","675","679","1","30","","7","0","2765","29.7%","13","w","2654.50","2654.50","1346.33","1346.33","945.50","400.83","0.0","0.0","0.0","Dec-2016","123.03","Jan-2017","Dec-2016","659","655","0","30","1","INDIVIDUAL","","","","0","722","144904","2","2","0","1","21","4981","36","3","3","722","34","9300","3","1","4","4","20701","1506","37.2","0","0","148","128","3","3","1","4","69","4","69","2","2","4","2","5","3","4","9","4","7","0","0","0","3","76.9","0","0","0","178050","7746","2400","13734"
"68377006","73266831","6000","6000","6000"," 36 months","  7.91%","187.77","A","A5","Road driver","10+ years","MORTGAGE","105000","Not Verified","Dec-2015","Current","n","https://lendingclub.com/browse/loanDetail.action?loan_id=68377006","","car","Car financing","431xx","OH","14.45","0","May-2006","685","689","1","","16","9","3","8353","65.3%","11","w","4314.77","4314.77","2058.88","2058.88","1685.23","373.65","0.0","0.0","0.0","Dec-2016","187.77","Jan-2017","Dec-2016","594","590","0","","1","INDIVIDUAL","","","","0","0","182893","0","3","0","1","19","32262","60","0","2","1503","61","12800","3","0","1","3","20321","2953","51.6","0","0","103","115","19","19","1","83","","6","","0","3","5","3","3","5","5","5","5","9","0","0","0","0","100","0","0","3","225933","40615","6100","54068"
"68397043","73286897","28000","28000","28000"," 60 months"," 14.85%","663.92","C","C5","Division General Manager","2 years","MORTGAGE","85000","Not Verified","Dec-2015","Current","n","https://lendingclub.com/browse/loanDetail.action?loan_id=68397043","","debt_consolidation","Debt consolidation","300xx","GA","28.52","0","Nov-1999","670","674","0","","","19","0","36814","71.8%","29","w","24284.11","24284.11","7245.37","7245.37","3715.89","3529.48","0.0","0.0","0.0","Dec-2016","663.92","Jan-2017","Dec-2016","664","660","0","","1","INDIVIDUAL","","","","0","150","256638","0","2","0","1","16","20515","69","1","3","14170","71","51300","0","0","0","4","14258","3764","84.9","0","0","150","193","11","11","2","11","","19","","0","5","15","6","11","5","16","22","15","19","0","0","0","1","100","60","0","0","280650","57329","25000","29709"
"68525943","73415740","20000","20000","20000"," 36 months"," 12.88%","672.73","C","C2","President","10+ years","MORTGAGE","145000","Not Verified","Dec-2015","Current","n","https://lendingclub.com/browse/loanDetail.action?loan_id=68525943","","debt_consolidation","Debt consolidation","029xx","RI","12.28","0","Feb-2004","695","699","0","","","12","0","22551","80.2%","21","w","14682.00","14682.00","7364.25","7364.25","5318.00","2046.25","0.0","0.0","0.0","Dec-2016","672.73","Jan-2017","Dec-2016","724","720","0","","1","INDIVIDUAL","","","","0","0","429218","2","3","1","2","2","9935","43","2","3","4627","62","28500","1","0","6","5","39020","2822","81.6","0","0","79","142","4","2","5","27","","1","","0","4","6","5","8","5","7","11","6","12","0","0","0","3","100","75","0","0","472759","32486","13500","23259"
"68416935","73306760","15000","15000","15000"," 36 months","  9.80%","482.61","B","B3","Electronic Branch Manager","3 years","MORTGAGE","92000","Not Verified","Dec-2015","Fully Paid","n","https://lendingclub.com/browse/loanDetail.action?loan_id=68416935","","debt_consolidation","Debt consolidation","973xx","OR","13.89","0","Nov-2001","680","684","1","","67","7","2","12703","35.2%","31","w","0.00","0.00","15415.46","15415.46","15000.00","415.46","0.0","0.0","0.0","Apr-2016","14450.25","","Apr-2016","689","685","0","","1","INDIVIDUAL","","","","0","0","312996","0","2","2","2","8","40694","70","1","1","7045","42","36100","0","3","2","5","44714","23397","35.2","0","0","159","169","12","8","6","12","","4","","0","3","3","4","9","15","4","10","3","7","0","0","0","4","100","0","1","0","347470","53397","36100","47370"
"68416953","73306779","1500","1500","1500"," 36 months","  6.49%","45.97","A","A2","","n/a","MORTGAGE","45000","Not Verified","Dec-2015","Current","n","https://lendingclub.com/browse/loanDetail.action?loan_id=68416953","","vacation","Vacation","967xx","HI","16.11","0","Dec-1987","745","749","0","39","","12","0","3717","21.2%","37","w","1072.12","1072.12","504.32","504.32","427.88","76.44","0.0","0.0","0.0","Dec-2016","45.97","Jan-2017","Dec-2016","669","665","0","","1","INDIVIDUAL","","","","0","0","158643","3","2","1","2","3","14683","81","3","5","3382","52","17500","0","1","1","8","15864","8818","27.7","0","0","123","336","6","3","4","6","39","12","39","0","1","3","4","15","8","9","25","3","12","0","0","0","4","97.2","0","0","0","179105","18400","12200","18050"
"68009401","72868139","16000","16000","16000"," 60 months"," 14.85%","379.39","C","C5","Bookkeeper/Accounting","10+ years","MORTGAGE","48000","Not Verified","Dec-2015","Current","n","https://lendingclub.com/browse/loanDetail.action?loan_id=68009401","","credit_card","Credit card refinancing","297xx","SC","33.18","0","Jun-1991","685","689","0","33","2","11","2","19108","29.6%","19","w","13876.55","13876.55","4140.29","4140.29","2123.45","2016.84","0.0","0.0","0.0","Dec-2016","379.39","Jan-2017","Dec-2016","669","665","0","33","1","INDIVIDUAL","","","","0","0","31329","1","2","1","2","6","12221","91","1","4","14982","65","284700","0","0","1","6","2848","263953","17.6","0","0","131","294","11","6","2","11","76","11","76","2","6","9","6","8","6","9","11","9","11","0","0","0","2","78.9","0","0","2","298100","31329","281300","13400"
"68565856","73455664","9000","9000","9000"," 36 months","  9.17%","286.92","B","B2","Truck Driver","1 year","OWN","50000","Not Verified","Dec-2015","Current","n","https://lendingclub.com/browse/loanDetail.action?loan_id=68565856","","debt_consolidation","Debt consolidation","670xx","KS","11.98","0","Jun-2001","800","804","2","","","5","0","7518","48.5%","11","w","6472.09","6472.09","3179.72","3179.72","2527.91","651.81","0.0","0.0","0.0","Dec-2016","286.92","Jan-2017","Dec-2016","724","720","0","","1","INDIVIDUAL","","","","0","0","40272","1","1","0","0","37","6600","40","1","1","7392","44","15500","1","0","2","1","8054","7982","48.5","0","0","165","174","4","4","2","4","","0","","0","2","2","3","5","3","3","6","2","5","0","0","0","1","100","33.3","0","0","69818","14118","15500","16318"
"68566886","73456723","29900","29900","29900"," 60 months"," 12.88%","678.49","C","C2","Corporate Insurance","10+ years","MORTGAGE","65000","Verified","Dec-2015","Current","n","https://lendingclub.com/browse/loanDetail.action?loan_id=68566886","","debt_consolidation","Debt consolidation","219xx","MD","21.77","0","May-2004","715","719","0","","","15","0","31682","46.7%","31","w","25748.78","25748.78","7441.99","7441.99","4151.22","3290.77","0.0","0.0","0.0","Dec-2016","678.49","Jan-2017","Dec-2016","744","740","0","","1","INDIVIDUAL","","","","0","0","220251","2","1","1","2","9","10815","69","3","5","12971","51","67800","0","4","1","7","15732","18383","45.9","0","0","114","139","5","5","2","5","","9","","0","2","5","4","9","8","13","21","5","15","0","0","0","4","100","25","0","0","271700","42497","34000","15574"
"68577849","73467703","18000","18000","18000"," 60 months"," 11.99%","400.31","C","C1","GS-11","10+ years","MORTGAGE","112000","Not Verified","Dec-2015","Fully Paid","n","https://lendingclub.com/browse/loanDetail.action?loan_id=68577849","","debt_consolidation","Debt consolidation","856xx","AZ","8.68","0","Nov-1993","800","804","0","","","17","0","10711","15.5%","27","w","0.00","0.00","18387.22","18387.22","18000.00","387.22","0.0","0.0","0.0","Mar-2016","18004.9","","Dec-2016","754","750","0","","1","INDIVIDUAL","","","","0","0","205067","3","1","2","2","3","25416","97","2","3","7672","38","82400","0","1","1","5","17089","60336","16.7","0","0","109","265","1","1","4","1","","10","","0","5","6","12","12","6","15","17","6","16","0","0","0","4","100","0","0","0","309710","36127","69800","26210"
"68496036","73385833","10500","10500","10500"," 36 months"," 15.77%","367.96","D","D1","Software Engineer","3 years","RENT","70100","Source Verified","Dec-2015","Current","n","https://lendingclub.com/browse/loanDetail.action?loan_id=68496036","","credit_card","Credit card refinancing","661xx","KS","8.51","0","Aug-2008","660","664","0","35","","5","0","8280","77.4%","10","w","7797.35","7797.35","4024.56","4024.56","2702.65","1321.91","0.0","0.0","0.0","Dec-2016","367.96","Jan-2017","Dec-2016","674","670","0","35","1","INDIVIDUAL","","","","0","0","26327","1","1","1","1","9","18047","84","2","2","5706","82","10700","2","0","6","3","5265","2420","77.4","0","0","9","88","6","6","0","6","35","4","35","2","3","3","4","7","1","4","9","3","5","0","0","0","3","80","50","0","0","32280","26327","10700","21580"
"68367009","73256861","14025","14025","14025"," 60 months"," 18.49%","359.9","D","D5","accts payable","10+ years","MORTGAGE","39000","Verified","Dec-2015","Fully Paid","n","https://lendingclub.com/browse/loanDetail.action?loan_id=68367009","","debt_consolidation","Debt consolidation","546xx","WI","18","0","Aug-2001","675","679","1","","","12","0","15646","74.9%","21","w","0.00","0.00","16341.3907923605","16341.39","14025.00","2316.39","0.0","0.0","0.0","Dec-2016","12764.01","","Dec-2016","689","685","0","","1","INDIVIDUAL","","","","0","0","60381","1","0","0","0","91","0","","2","5","4879","75","20900","0","0","2","5","5032","578","93.4","0","0","138","172","2","2","3","2","","2","","0","3","11","3","3","4","11","13","11","12","0","0","0","2","100","66.7","0","0","72286","15646","8800","0"
"67275481","72077199","20000","20000","20000"," 36 months","  8.49%","631.26","B","B1","road driver","10+ years","MORTGAGE","85000","Not Verified","Dec-2015","Current","n","https://lendingclub.com/browse/loanDetail.action?loan_id=67275481","","major_purchase","Major purchase","293xx","SC","17.61","1","Feb-1999","705","709","0","3","","8","0","826","5.7%","15","w","14417.96","14417.96","6920.28","6920.28","5582.04","1338.24","0.0","0.0","0.0","Dec-2016","631.26","Jan-2017","Dec-2016","684","680","0","3","1","INDIVIDUAL","","","","0","0","141601","0","3","0","4","13","27111","75","0","0","640","55","14500","1","0","2","4","17700","13674","5.7","0","0","149","55","32","13","3","32","","8","","1","2","2","3","3","9","3","3","2","8","0","0","1","0","93.3","0","0","0","193390","27937","14500","36144"
"66624733","71350547","18000","18000","18000"," 60 months"," 19.48%","471.7","E","E2","Software Manager","7 years","RENT","150000","Not Verified","Dec-2015","Current","n","https://lendingclub.com/browse/loanDetail.action?loan_id=66624733","","debt_consolidation","Debt consolidation","916xx","CA","9.39","0","Jun-2005","665","669","1","","75","18","1","14052","40.7%","27","w","15642.89","15642.89","5475.34","5475.34","2357.11","3118.23","0.0","0.0","0.0","Dec-2016","471.7","Jan-2017","Dec-2016","689","685","0","","1","INDIVIDUAL","","","","0","60","36247","2","2","1","3","2","22195","71","2","4","1271","55","34500","2","1","2","7","2014","5128","51.3","0","0","115","112","1","1","2","9","","2","","0","6","13","7","8","6","16","19","13","18","0","0","0","3","100","14.3","1","0","65819","36247","10300","31319"
"68476807","73366655","10400","10400","10400"," 60 months"," 22.45%","289.91","F","F1","Contract Specialist","3 years","MORTGAGE","104433","Source Verified","Dec-2015","Fully Paid","n","https://lendingclub.com/browse/loanDetail.action?loan_id=68476807","","major_purchase","Major purchase","174xx","PA","25.37","1","Jun-1998","695","699","3","12","","12","0","21929","64.5%","35","w","0.00","0.00","11740.5","11740.50","10400.00","1340.50","0.0","0.0","0.0","Jul-2016","10128.96","","Dec-2016","754","750","0","","1","INDIVIDUAL","","","","0","0","331730","1","3","0","3","14","73839","84","4","7","9702","78","34000","2","1","3","10","27644","4567","77.5","0","0","128","210","4","4","6","4","12","1","12","0","4","6","5","9","10","7","19","6","12","0","0","0","4","96.6","60","0","0","439570","95768","20300","88097"
"68366663","73256496","24000","24000","24000"," 60 months","  9.80%","507.58","B","B3","","n/a","OWN","77900","Not Verified","Dec-2015","Current","n","https://lendingclub.com/browse/loanDetail.action?loan_id=68366663","","home_improvement","Home improvement","376xx","TN","10.24","0","Oct-1982","740","744","1","50","","9","0","3454","10.3%","21","w","20429.18","20429.18","5550.71","5550.71","3570.82","1979.89","0.0","0.0","0.0","Dec-2016","507.58","Jan-2017","Dec-2016","729","725","0","50","1","INDIVIDUAL","","","","0","0","127412","0","1","0","0","73","1456","4","0","1","3309","7","33600","1","0","2","1","14157","27172","10.9","0","0","139","398","22","22","2","22","","0","","1","2","3","4","6","6","7","13","3","9","0","0","0","0","95.2","0","0","0","202351","4910","30500","33631"
"68426831","73316657","11950","11950","11950"," 36 months"," 13.44%","405.18","C","C3","Veterinary Tecnician","4 years","RENT","34000","Source Verified","Dec-2015","Current","n","https://lendingclub.com/browse/loanDetail.action?loan_id=68426831","","debt_consolidation","Debt consolidation","300xx","GA","10.2","0","Oct-1987","690","694","0","","","5","0","8822","68.4%","6","w","8792.37","8792.37","4434.67","4434.67","3157.63","1277.04","0.0","0.0","0.0","Dec-2016","405.18","Jan-2017","Dec-2016","754","750","0","","1","INDIVIDUAL","","","","0","0","12798","0","1","0","0","338","3976","99","0","0","4522","76","12900","0","0","0","0","2560","844","91","0","0","338","54","32","32","0","36","","","","0","2","3","2","2","2","4","4","3","5","0","0","0","0","100","100","0","0","16900","12798","9400","4000"
"68516838","73406653","23850","23850","23850"," 60 months"," 17.27%","596.21","D","D3","Teacher","10+ years","OWN","68046","Not Verified","Dec-2015","Current","n","https://lendingclub.com/browse/loanDetail.action?loan_id=68516838","","debt_consolidation","Debt consolidation","231xx","VA","24.71","1","Sep-1993","665","669","0","23","","12","0","28220","91.3%","33","f","20858.21","20858.21","6512.54","6512.54","2991.79","3520.75","0.0","0.0","0.0","Dec-2016","596.21","Jan-2017","Dec-2016","679","675","0","23","1","INDIVIDUAL","","","","0","342","525195","0","1","0","0","45","4453","44","0","0","7494","80","30900","0","0","0","0","47745","6","99.9","0","0","140","267","70","45","4","99","","","23","2","1","7","2","6","9","9","20","8","12","0","0","1","0","90.9","100","0","0","554242","32673","7500","10100"
"68377020","73266845","15000","15000","15000"," 36 months","  5.32%","451.73","A","A1","","n/a","RENT","80000","Not Verified","Dec-2015","Current","n","https://lendingclub.com/browse/loanDetail.action?loan_id=68377020","","debt_consolidation","Debt consolidation","236xx","VA","20.18","0","Apr-1993","775","779","1","35","","30","0","41593","21.4%","47","w","10667.28","10667.28","4962.38","4962.38","4332.72","629.66","0.0","0.0","0.0","Dec-2016","451.73","Jan-2017","Dec-2016","779","775","0","","1","INDIVIDUAL","","","","0","0","330562","1","1","0","0","54","55536","","2","6","2491","21","194800","1","1","3","6","13773","114609","4.2","0","0","141","272","2","2","2","2","","1","35","0","7","12","12","19","6","28","39","12","30","0","0","0","2","97.9","0","0","0","537200","97129","119600","94400"
"68340446","72927379","14000","14000","14000"," 60 months"," 14.85%","331.96","C","C5","Accountant","2 years","MORTGAGE","60000","Not Verified","Dec-2015","Current","n","https://lendingclub.com/browse/loanDetail.action?loan_id=68340446","","debt_consolidation","","852xx","AZ","24.29","0","Aug-2009","690","694","0","","","11","0","12718","73.9%","24","w","12142.06","12142.06","3622.68","3622.68","1857.94","1764.74","0.0","0.0","0.0","Dec-2016","331.96","Jan-2017","Dec-2016","679","675","0","","1","INDIVIDUAL","","","","0","0","70789","0","2","1","2","10","58071","99","0","1","4952","89","17200","1","0","5","3","6435","2382","84.2","0","0","76","71","23","10","0","23","","0","","0","7","7","8","8","13","9","11","8","11","0","0","0","1","100","87.5","0","0","83083","70789","15100","65883"
"68506798","73396623","23000","23000","23000"," 60 months","  8.49%","471.77","B","B1","Teacher","5 years","RENT","64000","Not Verified","Dec-2015","Current","n","https://lendingclub.com/browse/loanDetail.action?loan_id=68506798","","credit_card","Credit card refinancing","117xx","NY","18.28","0","Sep-2001","700","704","0","29","","21","0","24940","52.7%","33","w","19477.66","19477.66","5162.35","5162.35","3522.34","1640.01","0.0","0.0","0.0","Dec-2016","471.77","Jan-2017","Dec-2016","744","740","0","","1","INDIVIDUAL","","","","0","0","63886","0","7","0","0","42","38946","84","2","3","9516","68","47300","0","3","1","3","3549","15603","60.5","0","0","163","171","8","8","0","12","30","8","29","0","6","8","7","8","14","14","19","8","21","0","0","0","2","87.9","14.3","0","0","93962","63886","39500","46662"
"68396484","73286320","15000","15000","15000"," 60 months"," 13.44%","344.69","C","C3","Counselor","4 years","RENT","77213","Source Verified","Dec-2015","Current","n","https://lendingclub.com/browse/loanDetail.action?loan_id=68396484","","credit_card","Credit card refinancing","347xx","FL","18.17","0","Dec-2001","670","674","2","","76","17","1","59237","25.8%","44","w","12943.83","12943.83","3824.46","3824.46","2056.17","1768.29","0.0","0.0","0.0","Dec-2016","344.69","Jan-2017","Dec-2016","714","710","0","","1","INDIVIDUAL","","","","0","0","155521","2","2","0","0","45","96244","54","2","7","3046","36","80500","0","0","5","7","9720","6962","49.6","0","0","143","168","3","3","1","4","","1","","0","5","8","5","10","12","14","29","8","16","0","0","0","2","100","40","1","0","176208","155521","13800","95668"
"68617034","73519870","14650","14650","14650"," 60 months"," 20.50%","392.23","E","E4","Senior Service Specialist","2 years","RENT","43160","Verified","Dec-2015","Current","n","https://lendingclub.com/browse/loanDetail.action?loan_id=68617034","","debt_consolidation","Debt consolidation","430xx","OH","21.44","0","Oct-2005","690","694","0","","","12","0","11378","101.6%","24","w","12947.99","12947.99","4272.82","4272.82","1702.01","2570.81","0.0","0.0","0.0","Dec-2016","392.23","Jan-2017","Dec-2016","709","705","0","","1","INDIVIDUAL","","","","0","0","62813","0","10","0","0","76","51435","91","0","0","10159","93","11200","0","0","0","0","5234","0","101.6","0","0","122","45","40","40","0","40","","","","0","2","2","2","2","22","2","2","2","12","0","0","0","0","100","100","0","0","67732","62813","11200","56532"
"68566951","73456790","10000","10000","10000"," 60 months"," 17.97%","253.78","D","D4","Educator ","2 years","MORTGAGE","55000","Not Verified","Dec-2015","Current","n","https://lendingclub.com/browse/loanDetail.action?loan_id=68566951","","credit_card","Credit card refinancing","802xx","CO","35.7","0","Apr-2001","685","689","0","","","14","0","38623","78%","28","w","8766.02","8766.02","2766.62","2766.62","1233.98","1532.64","0.0","0.0","0.0","Dec-2016","253.78","Jan-2017","Dec-2016","619","615","0","","1","INDIVIDUAL","","","","0","0","288087","2","2","2","2","6","32895","94","1","1","6742","85","49500","0","3","3","4","20578","287","97.4","0","0","106","176","7","6","6","51","","6","","0","3","9","3","4","6","11","16","9","14","0","0","0","4","100","100","0","0","302401","71518","11000","34953"
"68516507","73406314","14000","14000","14000"," 36 months","  9.80%","450.43","B","B3","Master mechanic","4 years","MORTGAGE","100000","Not Verified","Dec-2015","Current","n","https://lendingclub.com/browse/loanDetail.action?loan_id=68516507","","medical","Medical expenses","439xx","OH","15.97","0","Dec-1997","685","689","0","","","7","0","34250","36.1%","14","f","10148.21","10148.21","4935.67","4935.67","3851.79","1083.88","0.0","0.0","0.0","Dec-2016","450.43","Jan-2017","Dec-2016","774","770","0","","1","INDIVIDUAL","","","","0","6594","451137","0","2","2","2","7","49789","89","0","0","11535","69","84500","0","1","1","3","64448","22057","36.1","0","0","134","216","54","7","2","54","","7","","0","2","3","2","3","6","3","6","3","7","0","0","0","2","100","0","0","0","531602","84039","34500","55842"
"68446093","73335905","11550","11550","11550"," 60 months"," 16.59%","284.51","D","D2","general manager","5 years","RENT","38000","Not Verified","Dec-2015","Current","n","https://lendingclub.com/browse/loanDetail.action?loan_id=68446093","","credit_card","Credit card refinancing","436xx","OH","21.07","0","Jan-2011","700","704","0","","","9","0","7179","39.7%","12","w","10077.89","10077.89","3103.0","3103.00","1472.11","1630.89","0.0","0.0","0.0","Dec-2016","284.51","Jan-2017","Dec-2016","659","655","0","","1","INDIVIDUAL","","","","0","0","10353","1","2","0","1","13","3174","20","2","3","2701","30","18100","4","1","2","4","1150","6924","43.7","0","0","39","59","5","5","0","5","","0","","0","3","4","5","5","2","7","10","5","9","0","0","0","2","100","60","0","0","34105","10353","12300","16005"
"68415473","73305264","25000","25000","25000"," 60 months"," 13.99%","581.58","C","C4","Executive Assistant","9 years","MORTGAGE","79000","Not Verified","Dec-2015","Current","n","https://lendingclub.com/browse/loanDetail.action?loan_id=68415473","","debt_consolidation","Debt consolidation","212xx","MD","34.53","0","Jun-2001","730","734","1","","","33","0","22519","18.6%","72","w","21615.97","21615.97","6348.8","6348.80","3384.03","2964.77","0.0","0.0","0.0","Dec-2016","581.58","Jan-2017","Dec-2016","714","710","0","","1","INDIVIDUAL","","","","0","171","265233","3","3","2","4","5","67459","62","4","8","5447","28","121200","2","6","3","12","8556","57049","21.4","0","0","124","174","1","1","6","2","","2","","0","6","16","12","21","15","29","51","16","33","0","0","0","6","100","0","0","0","389002","89978","72600","81802"
"68495092","73384866","8650","8650","8650"," 36 months"," 19.89%","320.99","E","E3","Program Coordinator ","8 years","RENT","55000","Verified","Dec-2015","Fully Paid","n","https://lendingclub.com/browse/loanDetail.action?loan_id=68495092","","debt_consolidation","Debt consolidation","462xx","IN","25.49","0","Mar-2005","675","679","4","","30","18","1","9568","46%","19","w","0.00","0.00","9190.49","9190.49","8650.00","540.49","0.0","0.0","0.0","May-2016","8251.42","","Jun-2016","639","635","0","","1","INDIVIDUAL","","","","0","0","18926","6","1","0","1","19","9358","51","12","16","653","46","20750","2","0","5","17","1051","1375","45","0","0","129","95","0","0","0","8","","0","","0","2","17","2","2","2","17","17","13","18","","0","0","12","100","50","1","0","38998","18926","2750","18248"
"68526942","73416781","27300","27300","27300"," 36 months"," 17.27%","977","D","D3","groundsman","10+ years","MORTGAGE","65000","Not Verified","Dec-2015","Late (31-120 days)","n","https://lendingclub.com/browse/loanDetail.action?loan_id=68526942","","home_improvement","Home improvement","117xx","NY","25.63","0","Nov-2002","660","664","0","","","14","0","31035","83%","38","w","21730.02","21730.02","8727.52","8727.52","5569.98","3157.54","0.0","0.0","0.0","Oct-2016","977.0","Jan-2017","Dec-2016","544","540","0","","1","INDIVIDUAL","","","","0","0","238105","0","1","0","2","16","29947","81","2","3","9413","82","37400","2","2","3","7","18316","3924","87.7","0","0","150","157","11","9","2","17","","8","","0","7","9","7","17","5","11","31","9","14","0","0","0","3","100","85.7","0","0","253900","60982","32000","37192"
"68407301","73297138","27500","27500","27500"," 60 months"," 14.85%","652.06","C","C5","Manager","10+ years","MORTGAGE","195000","Not Verified","Dec-2015","Fully Paid","n","https://lendingclub.com/browse/loanDetail.action?loan_id=68407301","","other","Other","710xx","LA","6.79","0","Jul-2001","700","704","0","","","14","0","34974","50.9%","19","w","0.00","0.00","29753.17","29753.17","27500.00","2253.17","0.0","0.0","0.0","Aug-2016","25897.53","","Jul-2016","734","730","0","","1","INDIVIDUAL","","","","0","0","267500","1","1","0","1","21","10003","76","1","3","12056","55","68700","0","0","0","4","19107","23969","56.8","0","0","21","173","3","3","1","3","","","","0","6","10","7","9","1","12","17","10","14","0","0","0","1","100","57.1","0","0","325100","44977","55500","13200"
"68416256","73306061","5000","5000","5000"," 36 months","  9.80%","160.87","B","B3","Accounts Payable Manager","6 years","OWN","72000","Not Verified","Dec-2015","Current","n","https://lendingclub.com/browse/loanDetail.action?loan_id=68416256","","other","Other","280xx","NC","6.52","0","Jan-2002","710","714","0","","89","11","1","4838","56.3%","20","f","3624.34","3624.34","1762.76","1762.76","1375.66","387.10","0.0","0.0","0.0","Dec-2016","160.87","Jan-2017","Dec-2016","749","745","0","","1","INDIVIDUAL","","","","0","0","142064","0","6","0","0","62","15913","68","1","2","0","65","8600","0","3","1","3","12915","","","0","0","167","43","7","7","2","","","12","","0","0","3","0","0","14","4","4","3","11","0","0","0","2","100","","1","0","155131","20751","0","23281"
"66310712","71035433","35000","35000","35000"," 60 months"," 14.85%","829.9","C","C5","Information Systems Officer","10+ years","MORTGAGE","110000","Source Verified","Dec-2015","Current","n","https://lendingclub.com/browse/loanDetail.action?loan_id=66310712","","debt_consolidation","Debt consolidation","076xx","NJ","17.06","0","Sep-2008","785","789","0","","","13","0","7802","11.6%","17","w","30355.14","30355.14","9056.71","9056.71","4644.86","4411.85","0.0","0.0","0.0","Dec-2016","829.9","Jan-2017","Dec-2016","689","685","0","","1","INDIVIDUAL","","","","0","0","301500","1","1","0","1","23","12609","70","1","1","6987","45","67300","0","1","0","2","23192","54962","12.1","0","0","36","87","2","2","1","2","","","","0","4","5","8","10","2","10","13","5","13","0","0","0","1","100","0","0","0","381215","52226","62500","18000"
"68416916","73306740","28000","28000","28000"," 60 months"," 18.49%","718.51","D","D5","Engineer","10+ years","MORTGAGE","75000","Verified","Dec-2015","Current","n","https://lendingclub.com/browse/loanDetail.action?loan_id=68416916","","debt_consolidation","Debt consolidation","471xx","IN","31.88","0","Oct-2002","685","689","0","","","27","0","43413","51.9%","46","w","24587.27","24587.27","7831.7","7831.70","3412.73","4418.97","0.0","0.0","0.0","Dec-2016","718.51","Jan-2017","Dec-2016","714","710","0","","1","INDIVIDUAL","","","","0","0","193745","1","2","0","2","22","13889","44","2","6","7213","50","83600","1","0","0","8","7176","23476","59.9","0","0","143","158","4","4","2","10","","16","","0","14","20","14","18","9","24","34","20","27","0","0","0","2","100","50","0","0","267312","57302","58500","31758"
"68543413","73433136","10000","10000","10000"," 36 months"," 12.88%","336.37","C","C2","Contract Specialist","4 years","MORTGAGE","91392","Not Verified","Dec-2015","Current","n","https://lendingclub.com/browse/loanDetail.action?loan_id=68543413","","house","Home buying","644xx","MO","9.44","0","Sep-2006","710","714","0","","","13","0","6959","41.7%","33","f","7340.94","7340.94","3682.18","3682.18","2659.06","1023.12","0.0","0.0","0.0","Dec-2016","336.37","Jan-2017","Dec-2016","664","660","0","","1","INDIVIDUAL","","","","0","0","304514","2","4","1","4","6","66773","88","1","1","2180","71","16700","0","0","3","7","23424","433","90.2","0","0","104","111","9","6","3","9","","8","","0","3","5","3","6","19","7","11","5","13","0","0","0","3","100","100","0","0","321380","73732","4400","68648"
"68367011","73256863","21000","21000","21000"," 60 months"," 13.99%","488.53","C","C4","Resident physician","< 1 year","RENT","52000","Source Verified","Dec-2015","Current","n","https://lendingclub.com/browse/loanDetail.action?loan_id=68367011","","credit_card","Credit card refinancing","441xx","OH","14.47","0","Jan-2005","680","684","1","","","5","0","20374","87.4%","15","w","18157.39","18157.39","5455.44","5455.44","2842.61","2612.83","0.0","0.0","0.0","Dec-2016","488.53","Jan-2017","Dec-2016","689","685","0","","1","INDIVIDUAL","","","","0","0","372407","1","1","1","1","5","352033","","0","0","9358","87","23300","1","0","2","1","74481","2926","87.4","0","0","76","131","85","5","0","85","","0","","0","3","3","4","4","11","4","4","3","5","0","0","0","1","100","75","0","0","370357","372407","23300","347057"
"68597047","73486873","19000","19000","19000"," 60 months"," 14.85%","450.52","C","C5","Application Analyst","9 years","OWN","75000","Not Verified","Dec-2015","Current","n","https://lendingclub.com/browse/loanDetail.action?loan_id=68597047","","credit_card","Credit card refinancing","112xx","NY","13.09","0","Jun-2000","665","669","2","63","","15","0","17771","63.7%","34","w","10943.29","10943.29","9916.53","9916.53","8056.71","1859.82","0.0","0.0","0.0","Dec-2016","450.52","Jan-2017","Dec-2016","699","695","0","","1","INDIVIDUAL","","","","0","0","72043","2","2","0","1","13","30388","83","3","6","2724","75","27900","0","4","2","9","5146","884","88.2","1","0","151","186","1","1","3","3","","1","63","1","4","10","4","6","13","12","18","10","15","0","0","0","4","94.1","100","0","0","94620","48159","7500","36720"
"68446746","73336569","12000","12000","12000"," 36 months","  5.32%","361.38","A","A1","Network Operation Engineer","4 years","MORTGAGE","53750","Source Verified","Dec-2015","Fully Paid","n","https://lendingclub.com/browse/loanDetail.action?loan_id=68446746","","debt_consolidation","Debt consolidation","850xx","AZ","15.3","1","Sep-2007","700","704","0","19","","8","0","3172","17.2%","19","w","0.00","0.00","12463.54","12463.54","12000.00","463.54","0.0","0.0","0.0","Nov-2016","9219.99","","Nov-2016","699","695","0","","1","INDIVIDUAL","","","","0","0","142615","0","1","0","2","17","6468","22","0","0","0","22","18400","2","6","1","3","17827","8500","0","0","0","99","60","35","9","2","37","19","11","19","0","0","3","2","3","10","5","6","3","8","0","0","0","1","94.7","0","0","0","183062","11146","8500","29053"
"68338832","73542831","1400","1400","1400"," 36 months"," 12.88%","47.1","C","C2","Logistics Manager","3 years","MORTGAGE","64000","Not Verified","Dec-2015","Current","n","https://lendingclub.com/browse/loanDetail.action?loan_id=68338832","","other","","275xx","NC","34.95","0","Jun-1996","700","704","0","","","17","0","37828","67.2%","24","w","1027.64","1027.64","515.6","515.60","372.36","143.24","0.0","0.0","0.0","Dec-2016","47.1","Jan-2017","Dec-2016","699","695","0","","1","INDIVIDUAL","","","","0","0","325695","1","3","1","2","2","37430","67","0","2","7386","67","56300","0","2","0","4","19159","7940","77","0","0","46","234","18","2","4","28","","18","","0","7","11","8","11","3","12","17","11","17","0","0","0","1","100","75","0","0","372109","75258","34500","55501"
"68526907","73416744","16000","16000","16000"," 60 months"," 17.97%","406.04","D","D4","Professional Sales Associate","< 1 year","MORTGAGE","109000","Source Verified","Dec-2015","Fully Paid","n","https://lendingclub.com/browse/loanDetail.action?loan_id=68526907","","debt_consolidation","Debt consolidation","880xx","NM","23.35","0","Apr-2002","680","684","1","","","11","0","42469","87.6%","33","w","0.00","0.00","17471.57","17471.57","16000.00","1471.57","0.0","0.0","0.0","Jul-2016","15481.3","","Jul-2016","679","675","0","","1","INDIVIDUAL","","","","0","0","182936","2","2","2","2","3","20689","94","1","3","8897","90","48500","0","3","1","5","16631","0","100.8","0","0","149","164","3","3","1","13","","1","","0","3","6","3","13","10","8","22","6","11","0","0","0","3","100","100","0","0","228050","63158","15800","22000"
"68341763","72928789","20000","20000","20000"," 60 months"," 10.78%","432.66","B","B4","truck driver","10+ years","MORTGAGE","63000","Not Verified","Dec-2015","Current","n","https://lendingclub.com/browse/loanDetail.action?loan_id=68341763","","home_improvement","","605xx","IL","10.78","0","Aug-2000","695","699","0","","","6","0","7869","56.2%","18","w","17088.64","17088.64","4729.32","4729.32","2911.36","1817.96","0.0","0.0","0.0","Dec-2016","432.66","Jan-2017","Dec-2016","704","700","0","","1","JOINT","71000","13.85","Not Verified","0","0","189699","0","1","0","4","19","10827","73","0","2","2081","65","14000","2","5","1","6","31617","2737","55.9","0","0","125","184","14","14","5","101","","10","","0","2","3","2","4","6","4","7","3","6","0","0","0","0","100","50","0","0","218418","18696","6200","14877"
"68436666","73326493","5000","5000","5000"," 36 months"," 13.44%","169.54","C","C3","General Manager","2 years","RENT","79000","Verified","Dec-2015","Current","n","https://lendingclub.com/browse/loanDetail.action?loan_id=68436666","","credit_card","Credit card refinancing","214xx","MD","12.7","0","Oct-2011","665","669","0","","","3","0","9441","101.5%","5","w","3678.73","3678.73","1879.32","1879.32","1321.27","558.05","0.0","0.0","0.0","Dec-2016","169.54","Jan-2017","Dec-2016","674","670","0","","1","INDIVIDUAL","","","","0","0","35653","0","1","0","1","19","26212","83","0","0","4360","87","9300","2","0","0","1","11884","0","101.4","0","0","50","36","32","19","0","36","","19","","0","1","2","1","1","3","2","2","2","3","0","0","0","0","100","100","0","0","41091","35653","4300","31791"
"68587709","73477552","21000","21000","21000"," 60 months"," 13.44%","482.56","C","C3","Teacher","2 years","RENT","54649","Source Verified","Dec-2015","Current","n","https://lendingclub.com/browse/loanDetail.action?loan_id=68587709","","debt_consolidation","Debt consolidation","761xx","TX","12.14","0","Oct-1999","670","674","0","","48","9","1","1581","26.8%","44","w","18121.43","18121.43","5268.96","5268.96","2878.57","2390.39","0.0","0.0","0.0","Dec-2016","482.56","Jan-2017","Dec-2016","684","680","0","","1","INDIVIDUAL","","","","0","0","51489","0","7","0","2","14","49908","97","0","1","1097","89","5900","1","3","1","3","5721","4319","26.8","0","0","186","194","17","14","2","17","","0","","0","2","2","2","14","25","2","17","2","9","0","0","0","0","100","50","1","0","57564","51489","5900","51664"
"67849662","72708407","4225","4225","4225"," 36 months"," 14.85%","146.16","C","C5","mechanic","5 years","RENT","35000","Source Verified","Dec-2015","Current","n","https://lendingclub.com/browse/loanDetail.action?loan_id=67849662","","debt_consolidation","Debt consolidation","672xx","KS","15.22","2","Jul-2011","725","729","0","18","","6","0","1058","24.6%","6","w","3126.05","3126.05","1605.86","1605.86","1098.95","506.91","0.0","0.0","0.0","Dec-2016","146.16","Jan-2017","Dec-2016","549","545","0","","1","INDIVIDUAL","","","","0","0","4888","0","1","0","0","47","3830","22","0","0","367","22","4300","0","0","0","0","815","2233","14.1","0","0","47","53","26","26","0","26","","14","18","0","1","2","3","3","1","5","5","2","6","0","0","0","0","66.7","0","0","0","21822","4888","2600","17522"
"68547583","73437441","8650","8650","8650"," 36 months","  5.32%","260.5","A","A1","Associate Consultant","< 1 year","MORTGAGE","100000","Not Verified","Dec-2015","Current","n","https://lendingclub.com/browse/loanDetail.action?loan_id=68547583","","credit_card","Credit card refinancing","462xx","IN","7.28","0","Jul-2001","750","754","0","","","15","0","7158","26.7%","24","w","6151.44","6151.44","2859.11","2859.11","2498.56","360.55","0.0","0.0","0.0","Dec-2016","260.5","Jan-2017","Dec-2016","774","770","0","","1","INDIVIDUAL","","","","0","0","165450","0","1","1","1","11","24041","89","0","3","3081","58","26800","1","0","5","5","13788","11142","39.1","0","0","73","173","16","11","1","20","","11","","0","3","3","9","10","5","13","18","3","15","0","0","0","1","100","0","0","0","191618","31199","18300","27078"
"68366999","73256850","15850","15850","15850"," 60 months"," 23.13%","448.01","F","F2","Lead manufacturing ","10+ years","OWN","45000","Not Verified","Dec-2015","Current","n","https://lendingclub.com/browse/loanDetail.action?loan_id=68366999","","debt_consolidation","Debt consolidation","440xx","OH","34.85","0","Jan-2007","755","759","1","","","18","0","8799","21.3%","24","f","14122.34","14122.34","4877.19","4877.19","1727.66","3149.53","0.0","0.0","0.0","Dec-2016","448.01","Jan-2017","Dec-2016","799","795","0","","1","INDIVIDUAL","","","","0","25","45025","3","2","2","3","5","36226","84","2","2","6833","53","41300","1","0","1","5","2649","12808","35.6","0","0","90","107","2","2","0","10","","5","","0","2","4","4","4","7","16","17","4","18","0","0","0","4","100","0","0","0","84300","45025","19900","43000"
"68476734","73366581","9000","9000","9000"," 36 months","  8.49%","284.07","B","B1","Office Manager","8 years","MORTGAGE","47000","Not Verified","Dec-2015","Current","n","https://lendingclub.com/browse/loanDetail.action?loan_id=68476734","","debt_consolidation","Debt consolidation","346xx","FL","8.43","0","Nov-2000","675","679","0","","","12","0","9747","26.7%","22","w","6488.05","6488.05","3114.16","3114.16","2511.95","602.21","0.0","0.0","0.0","Dec-2016","284.07","Jan-2017","Dec-2016","684","680","0","","1","INDIVIDUAL","","","","0","500","9747","2","0","0","0","","0","","2","5","4440","27","36500","0","0","0","5","812","20142","32.2","0","0","","181","5","5","0","5","","19","","0","6","7","8","15","0","12","22","7","12","0","0","0","2","100","12.5","0","0","36500","9747","29700","0"
"68585839","73475629","17475","17475","17475"," 36 months"," 13.99%","597.17","C","C4","Software Testing Analyst","2 years","RENT","39750","Not Verified","Dec-2015","Current","n","https://lendingclub.com/browse/loanDetail.action?loan_id=68585839","","debt_consolidation","Debt consolidation","604xx","IL","23.58","0","May-2002","695","699","0","27","","7","0","10987","52.3%","13","w","12888.23","12888.23","6630.29","6630.29","4586.77","2043.52","0.0","0.0","0.0","Dec-2016","597.17","Jan-2017","Dec-2016","714","710","0","","1","INDIVIDUAL","","","","0","0","32365","0","3","0","1","18","21378","73","1","2","9131","64","21000","1","0","3","3","5394","10013","52.3","0","0","106","163","11","11","0","11","30","11","27","0","2","2","4","5","6","4","7","2","7","0","0","0","1","84.6","0","0","0","50240","32365","21000","29240"
"68606528","73509340","12000","12000","12000"," 36 months","  9.17%","382.55","B","B2","Registered Veterinary Technitian ","4 years","MORTGAGE","39400","Not Verified","Dec-2015","Current","n","https://lendingclub.com/browse/loanDetail.action?loan_id=68606528","","debt_consolidation","Debt consolidation","958xx","CA","26.32","0","Sep-2006","705","709","1","68","","18","0","10495","34.6%","25","w","8675.56","8675.56","4192.77","4192.77","3324.44","868.33","0.0","0.0","0.0","Dec-2016","382.55","Jan-2017","Dec-2016","769","765","0","","1","INDIVIDUAL","","","","0","0","153211","0","2","0","1","18","21661","68","1","2","2688","52","30300","0","0","3","3","10214","8209","49.6","0","0","110","111","12","12","2","40","","3","68","0","4","5","5","6","4","15","19","6","18","0","0","0","1","96","40","0","0","191950","32156","16300","32022"
"66796130","71585842","8800","8800","8800"," 36 months","  9.80%","283.13","B","B3","Sales Representative/ Agent","10+ years","MORTGAGE","92000","Source Verified","Dec-2015","Current","n","https://lendingclub.com/browse/loanDetail.action?loan_id=66796130","","credit_card","Credit card refinancing","493xx","MI","5.18","0","Nov-2001","665","669","1","45","","9","0","9195","76.6%","24","w","6378.85","6378.85","3102.45","3102.45","2421.15","681.30","0.0","0.0","0.0","Dec-2016","283.13","Jan-2017","Dec-2016","704","700","0","","1","INDIVIDUAL","","","","0","0","105650","1","1","0","0","35","921","15","2","5","3818","56","12000","0","2","3","8","11739","445","94.8","0","0","102","169","6","6","2","9","45","6","45","0","3","5","3","11","6","6","15","5","9","0","0","0","2","87.5","100","0","0","116292","10116","8500","6000"
"68385794","73275605","15000","15000","15000"," 36 months"," 10.78%","489.52","B","B4","Coaching General Manager","1 year","RENT","40000","Verified","Dec-2015","Current","n","https://lendingclub.com/browse/loanDetail.action?loan_id=68385794","","credit_card","Credit card refinancing","787xx","TX","10.17","0","Oct-2006","670","674","0","","","7","0","12272","75.3%","9","w","10917.44","10917.44","5419.85","5419.85","4082.56","1337.29","0.0","0.0","0.0","Dec-2016","489.52","Jan-2017","Dec-2016","709","705","0","","1","INDIVIDUAL","","","","0","0","12272","2","0","0","0","","0","","2","2","4917","75","16300","0","0","0","2","2045","347","96.6","0","0","","110","3","3","0","3","","21","","0","4","6","4","4","0","7","9","6","7","0","0","0","2","100","100","0","0","16300","12272","10300","0"
"68526883","73416719","15000","15000","15000"," 36 months","  5.32%","451.73","A","A1","DEPUTY SHERIFF","10+ years","MORTGAGE","44000","Source Verified","Dec-2015","Current","n","https://lendingclub.com/browse/loanDetail.action?loan_id=68526883","","home_improvement","Home improvement","238xx","VA","15.34","0","Jun-2002","685","689","1","47","","7","0","17003","50.3%","21","w","10667.28","10667.28","4957.95","4957.95","4332.72","625.23","0.0","0.0","0.0","Dec-2016","451.73","Jan-2017","Dec-2016","719","715","0","","1","INDIVIDUAL","","","","0","0","17003","0","0","0","1","19","0","","0","1","5966","50","33800","0","3","3","2","2429","7011","51","0","0","141","162","13","13","2","34","","5","47","0","2","6","2","4","5","7","14","6","7","0","0","0","0","90.5","0","0","0","33800","17003","14300","0"
"68355089","73244858","24700","24700","24700"," 36 months"," 11.99%","820.28","C","C1","Engineer","10+ years","MORTGAGE","65000","Not Verified","Dec-2015","Fully Paid","n","https://lendingclub.com/browse/loanDetail.action?loan_id=68355089","","small_business","Business","577xx","SD","16.06","1","Dec-1999","715","719","4","6","","22","0","21470","19.2%","38","w","0.00","0.00","25679.66","25679.66","24700.00","979.66","0.0","0.0","0.0","Jun-2016","926.35","","May-2016","714","710","0","","1","INDIVIDUAL","","","","0","0","204396","1","1","0","1","19","18005","73","2","3","6472","29","111800","0","0","6","4","9733","57830","27.1","0","0","113","192","2","2","4","2","","0","6","0","5","5","13","17","6","20","27","5","22","0","0","0","2","97.4","7.7","0","0","314017","39475","79300","24667"
"68476702","73366548","28000","28000","28000"," 36 months"," 13.44%","949.38","C","C3","Director of Product Development ","2 years","OWN","125000","Source Verified","Dec-2015","Current","n","https://lendingclub.com/browse/loanDetail.action?loan_id=68476702","","debt_consolidation","Debt consolidation","100xx","NY","7.49","0","May-2000","695","699","0","","","6","0","22780","63.1%","22","w","20601.32","20601.32","10390.91","10390.91","7398.68","2992.23","0.0","0.0","0.0","Dec-2016","949.38","Jan-2017","Dec-2016","779","775","0","","1","INDIVIDUAL","","","","0","0","22780","0","0","0","0","64","0","","0","1","6881","63","36100","0","0","1","1","3797","10607","63.4","0","0","113","187","22","22","0","22","","10","","0","4","4","5","10","3","6","19","5","6","0","0","0","0","100","40","0","0","36100","22780","29000","0"
"68354783","73244544","9600","9600","9600"," 36 months","  7.49%","298.58","A","A4","tech","8 years","MORTGAGE","60000","Not Verified","Dec-2015","Current","n","https://lendingclub.com/browse/loanDetail.action?loan_id=68354783","","credit_card","Credit card refinancing","299xx","SC","22.44","0","Jun-1996","695","699","0","","","7","0","7722","59.4%","9","w","6891.26","6891.26","3274.39","3274.39","2708.74","565.65","0.0","0.0","0.0","Dec-2016","298.58","Jan-2017","Dec-2016","794","790","0","","1","INDIVIDUAL","","","","0","0","55387","0","3","0","0","47","47665","43","2","2","4744","50","13000","0","0","2","2","7912","4778","61.8","0","0","234","91","9","9","0","11","","9","","0","3","3","3","3","5","4","4","3","7","0","0","0","2","100","66.7","0","0","88635","55387","12500","75635"
"68394562","73284337","30000","30000","30000"," 36 months"," 15.77%","1051.31","D","D1","Vice-President","2 years","MORTGAGE","175000","Not Verified","Dec-2015","Fully Paid","n","https://lendingclub.com/browse/loanDetail.action?loan_id=68394562","","home_improvement","Home improvement","430xx","OH","18.5","0","Aug-1997","725","729","1","61","","9","0","21831","50.3%","23","w","0.00","0.00","33903.7657387675","33903.77","30000.00","3903.77","0.0","0.0","0.0","Dec-2016","23456.38","","Dec-2016","764","760","0","","1","INDIVIDUAL","","","","0","0","408118","2","4","2","4","6","130740","84","0","1","12141","71","43400","4","3","3","7","51015","21569","50.3","0","0","118","220","16","6","3","16","","0","61","0","2","2","3","7","9","4","11","2","9","0","0","0","3","95.7","33.3","0","0","447599","152571","43400","146568"
"68466066","73355870","20200","20200","20200"," 60 months"," 18.49%","518.35","D","D5","Manager","4 years","RENT","60000","Source Verified","Dec-2015","Current","n","https://lendingclub.com/browse/loanDetail.action?loan_id=68466066","","debt_consolidation","Debt consolidation","958xx","CA","34.84","0","Jun-2004","720","724","0","","86","10","1","8284","40.6%","16","w","17738.00","17738.00","5649.98","5649.98","2462.00","3187.98","0.0","0.0","0.0","Dec-2016","518.35","Jan-2017","Dec-2016","714","710","0","","1","INDIVIDUAL","","","","0","0","43224","0","4","2","3","7","34940","54","2","3","8284","51","20400","2","2","1","6","4322","9516","46.5","0","0","138","74","7","7","0","16","","9","","0","1","1","4","6","7","6","9","1","10","0","0","0","4","100","25","1","0","84627","43224","17800","64227"
"68584507","73474258","16000","16000","16000"," 60 months"," 13.44%","367.67","C","C3","Merchandise Manager","1 year","RENT","42000","Not Verified","Dec-2015","Current","n","https://lendingclub.com/browse/loanDetail.action?loan_id=68584507","","credit_card","Credit card refinancing","019xx","MA","9.6","0","Apr-2002","670","674","0","","","29","0","11834","44.8%","48","w","13806.74","13806.74","4014.5","4014.50","2193.26","1821.24","0.0","0.0","0.0","Dec-2016","367.67","Jan-2017","Dec-2016","684","680","0","","1","INDIVIDUAL","","","","0","0","83690","0","15","0","0","52","71856","118","0","1","1846","96","26400","0","0","0","1","2886","14203","40.6","0","0","164","120","16","16","0","16","","","","0","7","8","13","20","25","14","23","8","29","0","0","0","0","97.9","30.8","0","0","87509","83690","23900","61109"
"68506862","73396689","20000","20000","20000"," 60 months"," 13.99%","465.27","C","C4","Facilities Coordinator","10+ years","OWN","70000","Source Verified","Dec-2015","Current","n","https://lendingclub.com/browse/loanDetail.action?loan_id=68506862","","debt_consolidation","Debt consolidation","210xx","MD","16.9","0","Jun-2001","680","684","0","33","","20","0","31200","42%","35","w","17298.43","17298.43","5092.75","5092.75","2701.57","2391.18","0.0","0.0","0.0","Dec-2016","478.91","Jan-2017","Dec-2016","649","645","0","69","1","INDIVIDUAL","","","","0","0","34856","2","1","0","0","43","3656","37","2","3","4367","41","74200","0","1","0","3","1835","18527","44","0","0","46","174","5","5","0","6","","13","","1","6","11","9","19","2","19","32","11","20","0","0","0","2","94.3","44.4","0","0","84200","34856","33100","10000"
"68446784","73336607","12000","12000","12000"," 36 months"," 10.78%","391.62","B","B4","Salesman","3 years","RENT","40000","Not Verified","Dec-2015","Current","n","https://lendingclub.com/browse/loanDetail.action?loan_id=68446784","","credit_card","Credit card refinancing","070xx","NJ","31.95","3","May-2008","665","669","0","9","","16","0","11008","41.4%","22","w","8575.25","8575.25","4437.03","4437.03","3424.75","1012.28","0.0","0.0","0.0","Dec-2016","395.0","Jan-2017","Dec-2016","729","725","0","","1","INDIVIDUAL","","","","0","230","31915","0","2","1","1","12","20907","64","1","2","3058","54","26600","2","0","4","3","2128","10671","49.7","0","0","64","91","10","10","0","10","9","2","9","0","7","8","10","11","3","14","19","8","16","0","0","0","2","90.5","20","0","0","59420","31915","21200","32820"
"68446769","73336592","7000","7000","7000"," 36 months","  7.49%","217.72","A","A4","Carrier","10+ years","MORTGAGE","59000","Not Verified","Dec-2015","Current","n","https://lendingclub.com/browse/loanDetail.action?loan_id=68446769","","credit_card","Credit card refinancing","215xx","MD","13.06","1","Oct-1996","730","734","1","23","","10","0","10467","24.2%","34","w","4838.46","4838.46","2590.79","2590.79","2161.54","429.25","0.0","0.0","0.0","Dec-2016","217.72","Jan-2017","Dec-2016","769","765","0","","1","INDIVIDUAL","","","","0","0","55222","0","1","0","0","45","5337","26","1","2","6987","25","43200","0","2","2","2","6136","26118","26","0","0","124","223","10","10","3","34","","1","","0","2","4","4","5","14","8","17","4","10","0","0","0","1","97.1","0","0","0","115502","15804","35300","20402"
"68547679","73437541","18500","18500","18500"," 60 months"," 12.88%","419.8","C","C2","Supply Chain Coord.","10+ years","MORTGAGE","70000","Source Verified","Dec-2015","Current","n","https://lendingclub.com/browse/loanDetail.action?loan_id=68547679","","debt_consolidation","Debt consolidation","752xx","TX","13.2","0","Jun-2002","675","679","1","45","","9","0","15883","57.8%","19","w","15931.53","15931.53","4584.71","4584.71","2568.47","2016.24","0.0","0.0","0.0","Dec-2016","419.8","Jan-2017","Dec-2016","724","720","0","86","1","INDIVIDUAL","","","","0","0","123863","1","2","1","2","11","12681","71","2","3","5431","63","27500","0","0","2","5","13763","11617","57.8","0","0","154","162","3","3","2","3","86","2","86","1","6","6","6","11","4","6","13","6","9","0","0","0","3","89.5","16.7","0","0","143748","28564","27500","17944"
"68537564","73427399","8000","8000","8000"," 36 months"," 10.78%","261.08","B","B4","Counselor","< 1 year","MORTGAGE","45000","Not Verified","Dec-2015","Current","n","https://lendingclub.com/browse/loanDetail.action?loan_id=68537564","","debt_consolidation","Debt consolidation","482xx","MI","21.23","0","Jan-1998","670","674","0","34","","28","0","11141","35.5%","69","w","5822.60","5822.60","2859.9","2859.90","2177.40","682.50","0.0","0.0","0.0","Dec-2016","261.08","Jan-2017","Dec-2016","684","680","0","61","1","INDIVIDUAL","","","","0","0","148154","2","2","0","1","13","136887","86","4","6","1984","49","31400","2","2","0","7","5926","1188","79.5","0","0","147","215","4","4","2","13","","13","34","1","3","11","3","6","21","25","45","12","27","0","0","0","4","97.1","100","0","0","168819","148154","5800","136996"
"68466924","73356761","21875","21875","21875"," 36 months"," 11.99%","726.46","C","C1","Wire Technician","< 1 year","RENT","47590","Source Verified","Dec-2015","Current","n","https://lendingclub.com/browse/loanDetail.action?loan_id=68466924","","credit_card","Credit card refinancing","347xx","FL","17.76","0","Apr-2001","700","704","0","","","9","0","24882","57.1%","14","w","16000.54","16000.54","7954.63","7954.63","5874.46","2080.17","0.0","0.0","0.0","Dec-2016","726.46","Jan-2017","Dec-2016","749","745","0","","1","INDIVIDUAL","","","","0","0","40976","1","1","0","0","55","16094","49","1","2","11556","54","43600","0","1","0","2","5122","10318","70.7","0","0","140","176","6","6","0","6","","","","0","5","5","5","5","3","8","11","5","9","0","0","0","1","100","60","0","0","76326","40976","35200","32726"
"68533595","73423325","12000","12000","12000"," 36 months"," 10.78%","391.62","B","B4","Public Affairs Specialist ","1 year","RENT","98000","Not Verified","Dec-2015","Current","n","https://lendingclub.com/browse/loanDetail.action?loan_id=68533595","","debt_consolidation","Debt consolidation","993xx","WA","24.04","0","Feb-2002","690","694","0","33","61","15","1","20462","62.8%","39","w","8733.90","8733.90","4289.85","4289.85","3266.10","1023.75","0.0","0.0","0.0","Dec-2016","391.62","Jan-2017","Dec-2016","754","750","0","69","1","INDIVIDUAL","","","","0","5930","374585","0","4","1","3","9","82819","66","1","2","12597","65","32600","1","1","0","5","26756","3884","83.9","0","0","147","166","9","9","8","9","69","15","69","4","3","5","3","6","17","8","14","5","15","0","0","0","2","87.2","66.7","0","0","478544","103281","24100","120544"
"68376533","73266349","18000","18000","18000"," 36 months","  7.49%","559.83","A","A4","Systems Support Engineer","5 years","MORTGAGE","75000","Not Verified","Dec-2015","Current","n","https://lendingclub.com/browse/loanDetail.action?loan_id=68376533","","debt_consolidation","Debt consolidation","030xx","NH","25.65","0","Mar-2001","715","719","1","46","","12","0","7758","33.2%","47","w","12442.02","12442.02","6659.06","6659.06","5557.98","1101.08","0.0","0.0","0.0","Dec-2016","559.83","Jan-2017","Dec-2016","714","710","0","","1","INDIVIDUAL","","","","0","0","304914","3","6","2","3","6","94902","76","2","3","4829","65","23400","1","3","3","7","25410","12642","38","0","0","177","175","6","6","1","6","46","6","46","0","2","2","4","15","24","5","21","2","12","0","0","0","5","97.8","50","0","0","335119","102660","20400","107522"
"68466961","73356799","28000","28000","28000"," 36 months","  6.49%","858.05","A","A2","Senior Manager","10+ years","MORTGAGE","92000","Not Verified","Dec-2015","Current","n","https://lendingclub.com/browse/loanDetail.action?loan_id=68466961","","debt_consolidation","Debt consolidation","275xx","NC","21.6","0","May-1984","720","724","0","42","","16","0","51507","64.5%","24","w","20013.58","20013.58","9413.31","9413.31","7986.42","1426.89","0.0","0.0","0.0","Dec-2016","858.05","Jan-2017","Dec-2016","774","770","0","","1","INDIVIDUAL","","","","0","0","221110","0","2","0","0","27","23413","55","0","1","8752","61","79900","0","1","0","1","13819","16623","59.9","0","0","82","379","19","19","2","19","48","","42","0","7","9","9","11","4","13","18","9","16","0","0","0","0","91.7","22.2","0","0","304003","74920","41500","42503"
"68426865","73316695","20000","20000","20000"," 36 months"," 14.85%","691.84","C","C5","GM","6 years","RENT","110000","Not Verified","Dec-2015","Current","n","https://lendingclub.com/browse/loanDetail.action?loan_id=68426865","","credit_card","Credit card refinancing","606xx","IL","12.45","0","Jun-2007","690","694","0","","","8","0","21374","84.5%","12","w","14798.32","14798.32","7568.99","7568.99","5201.68","2367.31","0.0","0.0","0.0","Dec-2016","691.84","Jan-2017","Dec-2016","709","705","0","","1","INDIVIDUAL","","","","0","0","37491","0","1","1","1","10","16016","80","0","1","14981","82","25300","1","0","1","3","5356","523","97.6","0","0","10","102","16","10","0","16","","9","","0","3","4","3","5","1","6","10","4","8","0","0","0","1","100","100","0","0","45509","37491","21500","20000"
"68587652","73477494","25000","25000","25000"," 36 months","  5.32%","752.87","A","A1","Director","1 year","MORTGAGE","150000","Not Verified","Dec-2015","Current","n","https://lendingclub.com/browse/loanDetail.action?loan_id=68587652","","credit_card","Credit card refinancing","054xx","VT","9.54","0","Feb-1996","795","799","0","","","7","0","19339","42.5%","18","w","17104.90","17104.90","8964.24","8964.24","7895.10","1069.14","0.0","0.0","0.0","Dec-2016","752.87","Jan-2017","Dec-2016","789","785","0","","1","INDIVIDUAL","","","","0","0","430856","1","2","0","0","28","25447","6","1","1","19339","34","45500","0","7","0","1","61551","24661","44","0","0","166","238","4","4","7","73","","","","0","1","1","3","3","4","4","7","1","7","0","0","0","1","100","0","0","0","512381","44786","44000","51081"
"68537655","73427491","16800","16800","16800"," 60 months"," 12.88%","381.23","C","C2","CEO","10+ years","MORTGAGE","118000","Not Verified","Dec-2015","Current","n","https://lendingclub.com/browse/loanDetail.action?loan_id=68537655","","debt_consolidation","Debt consolidation","636xx","MO","34.29","0","Jun-1997","680","684","0","35","57","11","1","7849","24.1%","46","w","14467.48","14467.48","4163.48","4163.48","2332.52","1830.96","0.0","0.0","0.0","Dec-2016","381.23","Jan-2017","Dec-2016","754","750","0","67","1","INDIVIDUAL","","","","0","0","314793","0","4","0","4","13","67959","67","1","1","4746","53","32600","2","8","1","6","28618","4751","62.3","0","0","126","222","11","11","4","11","66","11","66","12","3","3","4","22","12","5","28","3","11","0","0","0","1","64.4","25","0","0","412771","75808","12600","115941"
"68475450","73365245","35000","35000","35000"," 60 months"," 12.88%","794.21","C","C2","Lieutenant ","7 years","MORTGAGE","106000","Source Verified","Dec-2015","Current","n","https://lendingclub.com/browse/loanDetail.action?loan_id=68475450","","debt_consolidation","Debt consolidation","351xx","AL","17.36","0","Apr-2002","730","734","0","","","8","0","39055","72.1%","27","w","30140.81","30140.81","8673.7","8673.70","4859.19","3814.51","0.0","0.0","0.0","Dec-2016","794.21","Jan-2017","Dec-2016","699","695","0","","1","INDIVIDUAL","","","","0","0","299890","0","3","0","0","35","16012","43","0","0","9701","60","54200","0","4","0","0","37486","12875","67.2","0","0","135","164","38","35","4","38","","","","0","3","4","3","6","13","4","10","4","8","0","0","0","0","100","0","0","0","366974","55067","39200","36981"
"68357012","73246847","15000","15000","15000"," 36 months","  8.49%","473.45","B","B1","Senior Associate","6 years","MORTGAGE","110000","Not Verified","Dec-2015","Fully Paid","n","https://lendingclub.com/browse/loanDetail.action?loan_id=68357012","","credit_card","Credit card refinancing","085xx","NJ","13.24","0","Dec-2002","670","674","0","","71","16","1","19029","41.4%","33","w","0.00","0.00","15657.93","15657.93","15000.00","657.93","0.0","0.0","0.0","Jul-2016","13308.37","","Jul-2016","684","680","0","","1","INDIVIDUAL","","","","0","0","327836","0","2","0","1","14","8820","42","3","5","10538","42","46000","2","0","3","7","20490","10457","62.9","0","0","142","150","7","7","4","18","","11","","0","5","8","5","10","3","13","24","8","16","0","0","0","4","100","20","1","0","369112","27849","28200","21124"
"68367006","73256858","11000","11000","11000"," 36 months","  6.49%","337.09","A","A2","material handler lead","10+ years","MORTGAGE","85000","Not Verified","Dec-2015","Fully Paid","n","https://lendingclub.com/browse/loanDetail.action?loan_id=68367006","","credit_card","Credit card refinancing","016xx","MA","15","0","Apr-2005","755","759","0","","","12","0","9488","20.1%","31","w","0.00","0.00","11513.41","11513.41","11000.00","513.41","0.0","0.0","0.0","Oct-2016","8826.61","","Oct-2016","764","760","0","","1","INDIVIDUAL","","","","0","0","32193","0","2","0","1","17","22705","52","0","2","3906","35","47300","1","2","2","3","2927","13312","41.6","0","0","128","121","18","17","0","45","","0","","0","3","3","5","10","8","10","21","3","12","0","0","0","0","100","0","0","0","90996","32193","22800","43696"
"67715283","72569997","16000","16000","16000"," 36 months"," 12.88%","538.18","C","C2","Owner, Fee Appraiser ","10+ years","MORTGAGE","65000","Not Verified","Dec-2015","Current","n","https://lendingclub.com/browse/loanDetail.action?loan_id=67715283","","small_business","Business","354xx","AL","18.96","0","Dec-1985","675","679","0","33","66","7","1","5157","54.3%","20","w","11745.64","11745.64","5891.36","5891.36","4254.36","1637.00","0.0","0.0","0.0","Dec-2016","538.18","Jan-2017","Dec-2016","694","690","0","55","1","INDIVIDUAL","","","","0","1830","39781","2","2","0","0","27","34624","68","2","2","739","64","9500","0","5","0","2","5683","3684","21.6","0","0","256","360","1","1","0","1","33","14","33","1","3","5","3","3","12","5","7","5","7","0","0","0","2","80","0","0","1","80999","39781","4700","71499"
"68082535","72950258","7200","7200","7200"," 36 months","  9.17%","229.53","B","B2","Site lead","10+ years","MORTGAGE","50000","Not Verified","Dec-2015","Fully Paid","n","https://lendingclub.com/browse/loanDetail.action?loan_id=68082535","","debt_consolidation","Debt consolidation","015xx","MA","19.25","0","Aug-1987","675","679","0","70","","13","0","9051","47.6%","25","w","0.00","0.00","7598.05","7598.05","7200.00","398.05","0.0","0.0","0.0","Aug-2016","6206.89","","Dec-2016","679","675","0","","1","INDIVIDUAL","","","","0","0","218695","0","2","0","2","14","18276","74","2","4","3281","63","19000","1","3","2","8","19881","9949","47.6","0","0","120","137","11","9","3","11","","10","","0","6","6","8","13","7","9","14","6","13","0","0","0","3","96","37.5","0","0","236795","27327","19000","24744"
"68617057","73519894","15000","15000","15000"," 60 months"," 10.78%","324.5","B","B4","Senior Buyer","10+ years","MORTGAGE","65000","Not Verified","Dec-2015","Current","n","https://lendingclub.com/browse/loanDetail.action?loan_id=68617057","","debt_consolidation","Debt consolidation","350xx","AL","29.28","0","Aug-2001","720","724","0","","","18","0","24723","69.8%","32","w","12816.43","12816.43","3547.04","3547.04","2183.57","1363.47","0.0","0.0","0.0","Dec-2016","324.5","Jan-2017","Dec-2016","719","715","0","","1","INDIVIDUAL","","","","0","0","224194","0","7","1","1","10","71557","81","1","2","8415","76","35400","0","1","1","3","12455","4286","84.9","0","0","172","171","12","10","1","12","","10","","0","6","7","7","12","14","10","17","7","18","0","0","0","2","100","71.4","0","0","256635","96280","28400","83810"
"68476668","73366513","20000","20000","20000"," 36 months","  9.17%","637.58","B","B2","Vice President of Recruiting Operations","10+ years","MORTGAGE","180000","Not Verified","Dec-2015","Fully Paid","n","https://lendingclub.com/browse/loanDetail.action?loan_id=68476668","","debt_consolidation","Debt consolidation","550xx","MN","14.67","0","Jun-1990","680","684","0","49","","12","0","87329","84.5%","27","f","0.00","0.00","21393.800000011","21393.80","20000.00","1393.80","0.0","0.0","0.0","Nov-2016","15681.05","","Nov-2016","674","670","0","","1","INDIVIDUAL","","","","0","0","360358","0","2","0","2","18","29433","63","2","3","13048","74","94200","1","0","1","6","30030","0","102.9","0","0","142","306","10","10","4","12","","10","","0","4","6","4","5","7","9","16","6","12","0","0","0","2","96.3","100","0","0","388852","116762","31500","46452"
"68566856","73456693","28800","28800","28800"," 60 months"," 11.99%","640.5","C","C1","Office Manager","10+ years","OWN","60000","Not Verified","Dec-2015","Current","n","https://lendingclub.com/browse/loanDetail.action?loan_id=68566856","","debt_consolidation","Debt consolidation","331xx","FL","18.01","0","Feb-1989","800","804","0","","","21","0","18421","10.5%","37","w","24720.09","24720.09","6997.54","6997.54","4079.91","2917.63","0.0","0.0","0.0","Dec-2016","640.5","Jan-2017","Dec-2016","829","825","0","","1","INDIVIDUAL","","","","0","0","41270","2","1","1","1","8","22849","91","3","7","7303","21","175800","1","0","2","8","2428","141793","11.2","0","0","94","322","5","5","2","11","","8","","0","8","10","13","20","3","20","31","10","21","0","0","0","4","100","0","0","0","200980","41270","159700","25180"
"68537594","73427429","5000","5000","5000"," 36 months","  7.91%","156.48","A","A5","Property Manager","6 years","RENT","32000","Source Verified","Dec-2015","Current","n","https://lendingclub.com/browse/loanDetail.action?loan_id=68537594","","credit_card","Credit card refinancing","434xx","OH","13.73","0","Feb-2012","685","689","0","","50","7","1","5552","41.1%","10","w","3595.58","3595.58","1715.79","1715.79","1404.42","311.37","0.0","0.0","0.0","Dec-2016","156.48","Jan-2017","Dec-2016","709","705","0","","1","INDIVIDUAL","","","","0","0","11665","0","1","0","1","13","6113","75","0","4","2361","54","13500","1","1","1","5","1666","5787","42.7","0","0","13","46","16","13","0","17","","11","","0","4","5","4","5","1","6","9","5","7","0","0","0","0","100","0","1","0","21690","11665","10100","8190"
"68466922","73356759","17925","17925","17925"," 60 months"," 17.27%","448.09","D","D3","IT Help Desk Support ","10+ years","OWN","39000","Source Verified","Dec-2015","Current","n","https://lendingclub.com/browse/loanDetail.action?loan_id=68466922","","debt_consolidation","Debt consolidation","432xx","OH","27.78","0","Sep-2002","720","724","1","","","10","0","19614","76%","21","w","15676.51","15676.51","4885.99","4885.99","2248.49","2637.50","0.0","0.0","0.0","Dec-2016","448.09","Jan-2017","Dec-2016","734","730","0","","1","INDIVIDUAL","","","","0","0","102008","0","2","0","1","23","19930","76","0","3","5426","76","25800","1","6","1","4","10201","2618","78.9","0","0","136","156","21","21","4","21","","6","","0","2","5","3","5","5","7","12","7","10","0","0","0","0","100","66.7","0","0","122214","39544","12400","26199"
"68466995","73356835","10000","10000","10000"," 36 months","  7.91%","312.95","A","A5","Teacher","2 years","RENT","40100","Not Verified","Dec-2015","Current","n","https://lendingclub.com/browse/loanDetail.action?loan_id=68466995","","credit_card","Credit card refinancing","453xx","OH","10.81","0","Oct-1998","680","684","1","","","4","0","6664","45%","7","w","7191.28","7191.28","3431.46","3431.46","2808.72","622.74","0.0","0.0","0.0","Dec-2016","312.95","Jan-2017","Dec-2016","724","720","0","","1","INDIVIDUAL","","","","0","1036","27354","1","1","0","0","76","20690","101","1","2","5037","78","14800","0","0","1","2","6839","6420","50.6","0","0","124","206","1","1","0","24","","1","","0","2","3","2","2","3","3","4","3","4","0","0","0","1","100","0","0","0","35247","27354","13000","20447"
"68436934","73326772","23975","23975","23975"," 60 months"," 19.89%","633.73","E","E3","Principal","10+ years","RENT","70000","Not Verified","Dec-2015","Charged Off","n","https://lendingclub.com/browse/loanDetail.action?loan_id=68436934","","credit_card","Credit card refinancing","220xx","VA","33.2","0","Jun-1995","685","689","1","","","10","0","44807","94.9%","19","w","0.00","0.00","3928.86","3928.86","1478.13","2450.73","0.0","0.0","0.0","Jul-2016","633.73","","Dec-2016","499","0","0","","1","INDIVIDUAL","","","","0","0","57655","1","1","0","1","24","6234","30","1","1","9973","77","47200","0","0","1","2","6406","1249","97.2","0","0","24","240","4","4","3","52","","4","","0","5","7","6","7","1","8","14","7","10","0","0","0","1","100","100","0","0","74779","57655","44400","20800"
"68476676","73366521","20000","20000","20000"," 36 months"," 15.77%","700.88","D","D1","Clinical Intake","5 years","RENT","70000","Not Verified","Dec-2015","Fully Paid","n","https://lendingclub.com/browse/loanDetail.action?loan_id=68476676","","house","Home buying","331xx","FL","22.21","0","Jul-2004","680","684","0","38","","24","0","19077","36.6%","63","w","0.00","0.00","21780.5867830477","21780.59","20000.00","1780.59","0.0","0.0","0.0","Dec-2016","2815.6","","Dec-2016","664","660","0","38","1","INDIVIDUAL","","","","0","264","63456","2","3","0","0","47","44379","84","6","9","2957","61","52100","0","0","3","9","2759","12279","48","0","0","131","137","2","2","1","2","","9","","5","8","17","9","9","39","21","23","17","24","0","0","0","6","92.1","0","0","0","104696","63456","23600","52596"
"68506885","73396712","10000","10000","10000"," 60 months"," 11.99%","222.4","C","C1","CARDIOVASCULAR TECH","10+ years","RENT","42500","Not Verified","Dec-2015","Current","n","https://lendingclub.com/browse/loanDetail.action?loan_id=68506885","","debt_consolidation","Debt consolidation","460xx","IN","31.04","0","Dec-1998","705","709","1","","","10","0","5812","40.9%","23","w","8583.32","8583.32","2429.75","2429.75","1416.68","1013.07","0.0","0.0","0.0","Dec-2016","222.4","Jan-2017","Dec-2016","784","780","0","","1","INDIVIDUAL","","","","0","0","41166","1","3","0","2","13","35354","76","1","1","3118","67","14200","1","1","1","3","4117","7288","44.4","0","0","129","204","5","5","0","5","","5","","0","4","4","6","9","12","7","11","4","10","0","0","0","1","100","50","0","0","61054","41166","13100","46854"
"68527009","73416854","20000","20000","20000"," 36 months","  9.80%","643.47","B","B3","Manager","5 years","RENT","75000","Not Verified","Dec-2015","Current","n","https://lendingclub.com/browse/loanDetail.action?loan_id=68527009","","debt_consolidation","Debt consolidation","984xx","WA","23.45","0","May-1992","725","729","0","70","","14","0","7558","9.6%","26","w","14497.46","14497.46","7050.95","7050.95","5502.54","1548.41","0.0","0.0","0.0","Dec-2016","643.47","Jan-2017","Dec-2016","784","780","0","70","1","INDIVIDUAL","","","","0","0","40090","2","2","2","3","8","32532","84","3","5","1600","34","78900","0","2","0","8","2864","48533","5.9","0","0","159","283","4","4","1","4","","19","","2","5","10","7","8","11","12","13","10","14","0","0","0","5","92.3","0","0","0","117477","40090","51600","38577"
"68476714","73366560","3600","3600","3600"," 36 months"," 11.48%","118.68","B","B5","Systems Administrator","< 1 year","MORTGAGE","85000","Source Verified","Dec-2015","Current","n","https://lendingclub.com/browse/loanDetail.action?loan_id=68476714","","debt_consolidation","Debt consolidation","220xx","VA","17.44","0","Apr-1994","675","679","2","","81","12","1","6952","28.7%","23","w","2627.74","2627.74","1299.74","1299.74","972.26","327.48","0.0","0.0","0.0","Dec-2016","118.68","Jan-2017","Dec-2016","709","705","0","","1","INDIVIDUAL","","","","0","194","407032","0","3","1","3","9","35380","82","0","1","4288","63","24200","2","1","8","4","33919","15532","29.4","0","0","260","129","16","9","1","16","","1","","0","3","4","7","10","8","8","14","4","12","0","0","0","1","100","28.6","1","0","457315","42332","22000","43306"
